case,backend,step,n_seeds,mean_reward,ci95_lower,ci95_upper
b300-tp1,triton,1,4,0.48828125,0.466600368846806,0.509962131153194
b300-tp1,triton,2,4,0.50830078125,0.47220188446975925,0.5443996780302407
b300-tp1,triton,3,4,0.53076171875,0.5123972860614614,0.5491261514385386
b300-tp1,triton,4,4,0.55419921875,0.48054998489062745,0.6278484526093725
b300-tp1,triton,5,4,0.69482421875,0.6310121469846789,0.7586362905153211
b300-tp1,triton,6,4,0.6826171875,0.6512806923738442,0.7139536826261558
b300-tp1,triton,7,4,0.7060546875,0.68371555263756,0.72839382236244
b300-tp1,triton,8,4,0.72607421875,0.7095557283855642,0.7425927091144358
b300-tp1,triton,9,4,0.76708984375,0.7074505480585918,0.8267291394414082
b300-tp1,triton,10,4,0.77001953125,0.7124122774222469,0.8276267850777531
b300-tp1,triton,11,4,0.79248046875,0.7607483434806188,0.8242125940193812
b300-tp1,triton,12,4,0.8876953125,0.8582662355267384,0.9171243894732616
b300-tp1,triton,13,4,0.8662109375,0.835497083812121,0.896924791187879
b300-tp1,triton,14,4,0.79248046875,0.769033815697951,0.815927121802049
b300-tp1,triton,15,4,0.83984375,0.8099264153874127,0.8697610846125873
b300-tp1,triton,16,4,0.89453125,0.8878175099963705,0.9012449900036295
b300-tp1,triton,17,4,0.88330078125,0.8609796690890518,0.9056218934109482
b300-tp1,triton,18,4,0.880859375,0.8597808584023321,0.9019378915976679
b300-tp1,triton,19,4,0.8203125,0.7910479857909726,0.8495770142090274
b300-tp1,triton,20,4,0.8974609375,0.8738603098801887,0.9210615651198113
b300-tp1,triton,21,4,0.8896484375,0.8717951541309124,0.9075017208690876
b300-tp1,triton,22,4,0.876953125,0.83991872606731,0.91398752393269
b300-tp1,triton,23,4,0.859375,0.8517623343928216,0.8669876656071784
b300-tp1,triton,24,4,0.9013671875,0.8904527498829705,0.9122816251170295
b300-tp1,triton,25,4,0.86279296875,0.8472796005827062,0.8783063369172938
b300-tp1,triton,26,4,0.90576171875,0.8837309748839556,0.9277924626160444
b300-tp1,triton,27,4,0.9267578125,0.9208067180436375,0.9327089069563625
b300-tp1,triton,28,4,0.90234375,0.8812652334023321,0.9234222665976679
b300-tp1,triton,29,4,0.8759765625,0.8432332496489114,0.9087198753510886
b300-tp1,triton,30,4,0.90771484375,0.8922014755827062,0.9232282119172938
b300-tp1,triton,31,4,0.90478515625,0.8671150659389335,0.9424552465610665
b300-tp1,triton,32,4,0.93115234375,0.9140591262899801,0.9482455612100199
b300-tp1,triton,33,4,0.8642578125,0.8423553152180299,0.8861603097819701
b300-tp1,triton,34,4,0.90966796875,0.8827680882245532,0.9365678492754468
b300-tp1,triton,35,4,0.845703125,0.8274045542069047,0.8640016957930953
b300-tp1,triton,36,4,0.9013671875,0.8682328958660293,0.9345014791339707
b300-tp1,triton,37,4,0.92578125,0.9147203033091139,0.9368421966908861
b300-tp1,triton,38,4,0.90869140625,0.868060796918724,0.949322015581276
b300-tp1,triton,39,4,0.89990234375,0.884597919373735,0.915206768126265
b300-tp1,triton,40,4,0.91259765625,0.8938858749135733,0.9313094375864267
b300-tp1,triton,41,4,0.85400390625,0.8154051141121492,0.8926026983878508
b300-tp1,triton,42,4,0.92529296875,0.9147155936602063,0.9358703438397937
b300-tp1,triton,43,4,0.8984375,0.8817976377582866,0.9150773622417134
b300-tp1,triton,44,4,0.849609375,0.8276335023122248,0.8715852476877752
b300-tp1,triton,45,4,0.94384765625,0.9176757542585099,0.9700195582414901
b300-tp1,triton,46,4,0.89501953125,0.8822369511101489,0.9078021113898511
b300-tp1,triton,47,4,0.91796875,0.9154311947976072,0.9205063052023928
b300-tp1,triton,48,4,0.9501953125,0.9290405623204125,0.9713500626795875
b300-tp1,triton,49,4,0.953125,0.9266321459037387,0.9796178540962613
b300-tp1,triton,50,4,0.92138671875,0.902847798221095,0.939925639278905
b300-tp1,triton,51,4,0.91943359375,0.90826402631878,0.93060316118122
b300-tp1,triton,52,4,0.935546875,0.9304717645952144,0.9406219854047856
b300-tp1,triton,53,4,0.90869140625,0.8949381847854675,0.9224446277145325
b300-tp1,triton,54,4,0.95654296875,0.9512352912425859,0.9618506462574141
b300-tp1,triton,55,4,0.90478515625,0.8930532506327973,0.9165170618672027
b300-tp1,triton,56,4,0.9453125,0.9351622791904288,0.9554627208095712
b300-tp1,triton,57,4,0.9345703125,0.9051412355267384,0.9639993894732616
b300-tp1,triton,58,4,0.90283203125,0.8810955342350514,0.9245685282649486
b300-tp1,triton,59,4,0.9365234375,0.9177901607155479,0.9552567142844521
b300-tp1,triton,60,4,0.9189453125,0.9020177079727496,0.9358729170272504
b300-tp1,triton,61,4,0.9072265625,0.9041187047799963,0.9103344202200037
b300-tp1,triton,62,4,0.9091796875,0.8974135280708744,0.9209458469291256
b300-tp1,triton,63,4,0.9189453125,0.9115471313421666,0.9263434936578334
b300-tp1,triton,64,4,0.9150390625,0.8899827125162914,0.9400954124837086
b300-tp1,triton,65,4,0.9296875,0.9074205434679616,0.9519544565320384
b300-tp1,triton,66,4,0.93017578125,0.9111229826736064,0.9492285798263936
b300-tp1,triton,67,4,0.9423828125,0.9327200901674859,0.9520455348325141
b300-tp1,triton,68,4,0.91162109375,0.8917413285195306,0.9315008589804694
b300-tp1,triton,69,4,0.90869140625,0.8954146322501876,0.9219681802498124
b300-tp1,triton,70,4,0.9189453125,0.9074560426665245,0.9304345823334755
b300-tp1,triton,71,4,0.9482421875,0.9327028988999819,0.9637814761000181
b300-tp1,triton,72,4,0.921875,0.908447519992741,0.935302480007259
b300-tp1,triton,73,4,0.87841796875,0.8617057064756953,0.8951302310243047
b300-tp1,triton,74,4,0.9345703125,0.9217562868510338,0.9473843381489662
b300-tp1,triton,75,4,0.93701171875,0.9280850770654562,0.9459383604345438
b300-tp1,triton,76,4,0.9580078125,0.9526248450262585,0.9633907799737415
b300-tp1,triton,77,4,0.8837890625,0.8578488431612505,0.9097292818387495
b300-tp1,triton,78,4,0.921875,0.9034013192764649,0.9403486807235351
b300-tp1,triton,79,4,0.9267578125,0.8932371020703898,0.9602785229296102
b300-tp1,triton,80,4,0.908203125,0.8837318288413831,0.9326744211586169
b300-tp1,triton,81,4,0.92041015625,0.9015270964559031,0.9392932160440969
b300-tp1,triton,82,4,0.90185546875,0.8780004252883181,0.9257105122116819
b300-tp1,triton,83,4,0.92724609375,0.9101528762899801,0.9443393112100199
b300-tp1,triton,84,4,0.9638671875,0.9498530808442649,0.9778812941557351
b300-tp1,triton,85,4,0.9462890625,0.9162107365836645,0.9763673884163355
b300-tp1,triton,86,4,0.9140625,0.88985576616678,0.93826923383322
b300-tp1,triton,87,4,0.921875,0.8953821459037387,0.9483678540962613
b300-tp1,triton,88,4,0.92041015625,0.9066569347854675,0.9341633777145325
b300-tp1,triton,89,4,0.955078125,0.9325238410164622,0.9776324089835378
b300-tp1,triton,90,4,0.93212890625,0.9109931886880125,0.9532646238119875
b300-tp1,triton,91,4,0.916015625,0.9084029593928216,0.9236282906071784
b300-tp1,triton,92,4,0.9267578125,0.9152685426665245,0.9382470823334755
b300-tp1,triton,93,4,0.9033203125,0.8877810238999819,0.9188596011000181
b300-tp1,triton,94,4,0.93359375,0.9086017296474255,0.9585857703525745
b300-tp1,triton,95,4,0.94677734375,0.9382189709280762,0.9553357165719238
b300-tp1,triton,96,4,0.9443359375,0.9322992563080438,0.9563726186919562
b300-tp1,triton,97,4,0.94677734375,0.9218659690428455,0.9716887184571545
b300-tp1,triton,98,4,0.91845703125,0.8799417411940259,0.9569723213059741
b300-tp1,triton,99,4,0.93017578125,0.9173932011101489,0.9429583613898511
b300-tp1,triton,100,4,0.9169921875,0.890804912877527,0.943179462122473
b300-tp1,liger_tp,1,4,0.48974609375,0.4504037573660519,0.529088430133948
b300-tp1,liger_tp,2,4,0.52099609375,0.46708424195799636,0.5749079455420036
b300-tp1,liger_tp,3,4,0.51708984375,0.48901858734179454,0.5451611001582055
b300-tp1,liger_tp,4,4,0.55078125,0.5263099538413831,0.5752525461586169
b300-tp1,liger_tp,5,4,0.6923828125,0.6435389944354468,0.7412266305645532
b300-tp1,liger_tp,6,4,0.6826171875,0.6435108354426577,0.7217235395573423
b300-tp1,liger_tp,7,4,0.703125,0.6664399900002077,0.7398100099997923
b300-tp1,liger_tp,8,4,0.72900390625,0.6862873468430097,0.7717204656569903
b300-tp1,liger_tp,9,4,0.7509765625,0.7145116205327915,0.7874415044672085
b300-tp1,liger_tp,10,4,0.767578125,0.7075822484708449,0.8275740015291551
b300-tp1,liger_tp,11,4,0.7685546875,0.7332562092126232,0.8038531657873768
b300-tp1,liger_tp,12,4,0.86083984375,0.8208481830769391,0.9008315044230609
b300-tp1,liger_tp,13,4,0.8642578125,0.8448492472592704,0.8836663777407296
b300-tp1,liger_tp,14,4,0.77392578125,0.7376489467469614,0.8102026157530386
b300-tp1,liger_tp,15,4,0.81787109375,0.8036573865114622,0.8320848009885378
b300-tp1,liger_tp,16,4,0.89501953125,0.874659702546542,0.915379359953458
b300-tp1,liger_tp,17,4,0.86474609375,0.8439172631527311,0.8855749243472689
b300-tp1,liger_tp,18,4,0.87158203125,0.8455334369031456,0.8976306255968544
b300-tp1,liger_tp,19,4,0.82373046875,0.8151720959280762,0.8322888415719238
b300-tp1,liger_tp,20,4,0.88525390625,0.8670656352610722,0.9034421772389278
b300-tp1,liger_tp,21,4,0.88427734375,0.8655655624135733,0.9029891250864267
b300-tp1,liger_tp,22,4,0.86572265625,0.8283098490200107,0.9031354634799893
b300-tp1,liger_tp,23,4,0.849609375,0.8341740292963218,0.8650447207036782
b300-tp1,liger_tp,24,4,0.88330078125,0.8700240072501876,0.8965775552498124
b300-tp1,liger_tp,25,4,0.84716796875,0.8223861729434999,0.8719497645565001
b300-tp1,liger_tp,26,4,0.90869140625,0.8816721028043428,0.9357107096956572
b300-tp1,liger_tp,27,4,0.90087890625,0.873387098300917,0.928370714199083
b300-tp1,liger_tp,28,4,0.896484375,0.8621569644925076,0.9308117855074924
b300-tp1,liger_tp,29,4,0.880859375,0.8478711573688936,0.9138475926311064
b300-tp1,liger_tp,30,4,0.8955078125,0.8840185426665245,0.9069970823334755
b300-tp1,liger_tp,31,4,0.88623046875,0.8737022937581457,0.8987586437418543
b300-tp1,liger_tp,32,4,0.9287109375,0.9077089311968973,0.9497129438031027
b300-tp1,liger_tp,33,4,0.84765625,0.788962428120887,0.906350071879113
b300-tp1,liger_tp,34,4,0.90771484375,0.8828034690428455,0.9326262184571545
b300-tp1,liger_tp,35,4,0.84130859375,0.79234133900121,0.89027584849879
b300-tp1,liger_tp,36,4,0.8955078125,0.85782704018381,0.93318858481619
b300-tp1,liger_tp,37,4,0.9267578125,0.9104107566239281,0.9431048683760719
b300-tp1,liger_tp,38,4,0.9072265625,0.8667448019142616,0.9477083230857384
b300-tp1,liger_tp,39,4,0.9052734375,0.8883458329727496,0.9222010420272504
b300-tp1,liger_tp,40,4,0.90478515625,0.8753697576771861,0.9342005548228139
b300-tp1,liger_tp,41,4,0.8388671875,0.8172606835167933,0.8604736914832067
b300-tp1,liger_tp,42,4,0.92041015625,0.9013573576736064,0.9394629548263936
b300-tp1,liger_tp,43,4,0.9091796875,0.8847742630521412,0.9335851119478588
b300-tp1,liger_tp,44,4,0.84912109375,0.8292413285195306,0.8690008589804694
b300-tp1,liger_tp,45,4,0.93408203125,0.9244610487339252,0.9437030137660748
b300-tp1,liger_tp,46,4,0.89599609375,0.8839928943508338,0.9079992931491662
b300-tp1,liger_tp,47,4,0.91455078125,0.904282301450877,0.924819261049123
b300-tp1,liger_tp,48,4,0.9375,0.9290838815088488,0.9459161184911512
b300-tp1,liger_tp,49,4,0.95068359375,0.9339713314756953,0.9673958560243047
b300-tp1,liger_tp,50,4,0.91748046875,0.8984276701736064,0.9365332673263936
b300-tp1,liger_tp,51,4,0.9140625,0.8876914527746698,0.9404335472253302
b300-tp1,liger_tp,52,4,0.9423828125,0.9274780504764358,0.9572875745235642
b300-tp1,liger_tp,53,4,0.8935546875,0.8870851657530902,0.9000242092469098
b300-tp1,liger_tp,54,4,0.96484375,0.9543811418696989,0.9753063581303011
b300-tp1,liger_tp,55,4,0.90966796875,0.9037848890354372,0.9155510484645628
b300-tp1,liger_tp,56,4,0.93017578125,0.9082916662602166,0.9520598962397834
b300-tp1,liger_tp,57,4,0.921875,0.9048525622123744,0.9388974377876256
b300-tp1,liger_tp,58,4,0.90673828125,0.8947350818508338,0.9187414806491662
b300-tp1,liger_tp,59,4,0.9482421875,0.9333374254764358,0.9631469495235642
b300-tp1,liger_tp,60,4,0.9296875,0.906708960333049,0.952666039666951
b300-tp1,liger_tp,61,4,0.91552734375,0.8862216022171141,0.9448330852828859
b300-tp1,liger_tp,62,4,0.8994140625,0.8806807857155479,0.9181473392844521
b300-tp1,liger_tp,63,4,0.90869140625,0.8869549092350514,0.9304279032649486
b300-tp1,liger_tp,64,4,0.8994140625,0.8803401527829735,0.9184879722170265
b300-tp1,liger_tp,65,4,0.93798828125,0.927719801450877,0.948256761049123
b300-tp1,liger_tp,66,4,0.93798828125,0.9237745740114622,0.9522019884885378
b300-tp1,liger_tp,67,4,0.935546875,0.9196998478402315,0.9513939021597685
b300-tp1,liger_tp,68,4,0.90576171875,0.8890494564756953,0.9224739810243047
b300-tp1,liger_tp,69,4,0.91845703125,0.898097202546542,0.938816859953458
b300-tp1,liger_tp,70,4,0.92138671875,0.9062941305331427,0.9364793069668573
b300-tp1,liger_tp,71,4,0.94677734375,0.93560777631878,0.95794691118122
b300-tp1,liger_tp,72,4,0.912109375,0.8989238513873349,0.9252948986126651
b300-tp1,liger_tp,73,4,0.90234375,0.8743155366885299,0.9303719633114701
b300-tp1,liger_tp,74,4,0.94580078125,0.9231930299042334,0.9684085325957666
b300-tp1,liger_tp,75,4,0.93115234375,0.924261117463026,0.938043570036974
b300-tp1,liger_tp,76,4,0.955078125,0.9474654593928216,0.9626907906071784
b300-tp1,liger_tp,77,4,0.900390625,0.8819169442764649,0.9188643057235351
b300-tp1,liger_tp,78,4,0.9453125,0.9328810691199855,0.9577439308800145
b300-tp1,liger_tp,79,4,0.94580078125,0.9298777487277577,0.9617238137722423
b300-tp1,liger_tp,80,4,0.92236328125,0.9164802015354372,0.9282463609645628
b300-tp1,liger_tp,81,4,0.92578125,0.9059623103029164,0.9456001896970836
b300-tp1,liger_tp,82,4,0.9140625,0.8906673969987048,0.9374576030012952
b300-tp1,liger_tp,83,4,0.9296875,0.9205382146034524,0.9388367853965476
b300-tp1,liger_tp,84,4,0.96875,0.9579840650525171,0.9795159349474829
b300-tp1,liger_tp,85,4,0.95361328125,0.9349014999135733,0.9723250625864267
b300-tp1,liger_tp,86,4,0.90380859375,0.896038949449991,0.911578238050009
b300-tp1,liger_tp,87,4,0.919921875,0.8907675853416122,0.9490761646583878
b300-tp1,liger_tp,88,4,0.92041015625,0.9025794291544412,0.9382408833455588
b300-tp1,liger_tp,89,4,0.93701171875,0.9132920241450195,0.9607314133549805
b300-tp1,liger_tp,90,4,0.92919921875,0.904942659682929,0.953455777817071
b300-tp1,liger_tp,91,4,0.9130859375,0.8969370350787756,0.9292348399212244
b300-tp1,liger_tp,92,4,0.916015625,0.8865318978831521,0.9454993521168479
b300-tp1,liger_tp,93,4,0.89892578125,0.866293275189962,0.931558287310038
b300-tp1,liger_tp,94,4,0.92626953125,0.9166485487339252,0.9358905137660748
b300-tp1,liger_tp,95,4,0.94287109375,0.9234832752444794,0.9622589122555206
b300-tp1,liger_tp,96,4,0.93994140625,0.9203882302213289,0.9594945822786711
b300-tp1,liger_tp,97,4,0.9501953125,0.9470874547799963,0.9533031702200037
b300-tp1,liger_tp,98,4,0.908203125,0.8805216658221008,0.9358845841778992
b300-tp1,liger_tp,99,4,0.92138671875,0.8983556966248839,0.9444177408751161
b300-tp1,liger_tp,100,4,0.91357421875,0.903624219203276,0.923524218296724
h200-tp4,triton,1,4,0.3671875,0.18193244641139214,0.5524425535886078
h200-tp4,triton,2,4,0.5052083283662796,0.34140111616196667,0.6690155405705925
h200-tp4,triton,3,4,0.3515625074505806,0.17439340868634515,0.5287316062148161
h200-tp4,triton,4,4,0.5625,0.44686864442391233,0.6781313555760876
h200-tp4,triton,5,4,0.5104166567325592,0.41471947180161123,0.6061138416635072
h200-tp4,triton,6,4,0.4348958283662796,0.3350996520495485,0.5346920046830107
h200-tp4,triton,7,4,0.5182291716337204,0.3910022590988447,0.6454560841685961
h200-tp4,triton,8,4,0.4895833358168602,0.33948814498027235,0.639678526653448
h200-tp4,triton,9,4,0.5156250074505806,0.37336089303892095,0.6578891218622402
h200-tp4,triton,10,4,0.3645833283662796,0.2811564418835434,0.4480102148490158
h200-tp4,triton,11,4,0.5234375074505806,0.4686722814565671,0.5782027334445942
h200-tp4,triton,12,4,0.5104166641831398,0.40046894547066053,0.6203643828956191
h200-tp4,triton,13,4,0.5286458432674408,0.47223315909187585,0.5850585274430058
h200-tp4,triton,14,4,0.5572916716337204,0.5255525314686185,0.5890308117988223
h200-tp4,triton,15,4,0.59375,0.5302716701389764,0.6572283298610236
h200-tp4,triton,16,4,0.6953125,0.5850528794084158,0.8055721205915842
h200-tp4,triton,17,4,0.5364583358168602,0.3155242005988674,0.757392471034853
h200-tp4,triton,18,4,0.71875,0.5135023900112184,0.9239976099887816
h200-tp4,triton,19,4,0.7395833432674408,0.5738308999191508,0.9053357866157308
h200-tp4,triton,20,4,0.671875,0.5184607093654092,0.8252892906345908
h200-tp4,triton,21,4,0.6744791716337204,0.5986727508858255,0.7502855923816153
h200-tp4,triton,22,4,0.6796875149011612,0.5120807650957813,0.8472942647065411
h200-tp4,triton,23,4,0.7708333283662796,0.6820873688549847,0.8595792878775745
h200-tp4,triton,24,4,0.7708333283662796,0.7045323794802508,0.8371342772523084
h200-tp4,triton,25,4,0.8046875,0.7012858131288262,0.9080891868711738
h200-tp4,triton,26,4,0.7213541567325592,0.5948491250527822,0.8478591884123362
h200-tp4,triton,27,4,0.8203125,0.6571354654240392,0.9834895345759608
h200-tp4,triton,28,4,0.7239583432674408,0.6111329981390352,0.8367836883958464
h200-tp4,triton,29,4,0.7708333432674408,0.7150327540511878,0.8266339324836938
h200-tp4,triton,30,4,0.8072916865348816,0.7575659630148237,0.8570174100549395
h200-tp4,triton,31,4,0.8776041716337204,0.7673445451013573,0.9878637981660835
h200-tp4,triton,32,4,0.7942708432674408,0.679135513428742,0.9094061731061396
h200-tp4,triton,33,4,0.8723958283662796,0.8247870589568187,0.9200045977757405
h200-tp4,triton,34,4,0.8515625,0.8079703550041427,0.8951546449958573
h200-tp4,triton,35,4,0.8854166716337204,0.8219383004970215,0.9488950427704193
h200-tp4,triton,36,4,0.7578125,0.6124440802722906,0.9031809197277094
h200-tp4,triton,37,4,0.8307291716337204,0.7727158388179721,0.8887425044494687
h200-tp4,triton,38,4,0.8020833283662796,0.7386050067603919,0.8655616499721673
h200-tp4,triton,39,4,0.8333333134651184,0.8333333134651184,0.8333333134651184
h200-tp4,triton,40,4,0.8619791716337204,0.7398948894077657,0.9840634538596751
h200-tp4,triton,41,4,0.8541666567325592,0.8158877586664944,0.892445554798624
h200-tp4,triton,42,4,0.8749999850988388,0.7812362616309965,0.9687637085666811
h200-tp4,triton,43,4,0.9166666716337204,0.8625321735560071,0.9708011697114337
h200-tp4,triton,44,4,0.8020833432674408,0.7186564630659198,0.8855102234689618
h200-tp4,triton,45,4,0.8984375149011612,0.8642667683356899,0.9326082614666324
h200-tp4,triton,46,4,0.8229166567325592,0.7394897765310382,0.9063435369340802
h200-tp4,triton,47,4,0.7890625149011612,0.7414537454917003,0.8366712843106221
h200-tp4,triton,48,4,0.78125,0.668019534167357,0.894480465832643
h200-tp4,triton,49,4,0.9375000149011612,0.8711990660151324,1.00380096378719
h200-tp4,triton,50,4,0.78125,0.6978231072360401,0.8646768927639599
h200-tp4,triton,51,4,0.84375,0.7802716701389764,0.9072283298610236
h200-tp4,triton,52,4,0.8515625,0.8148093121466237,0.8883156878533763
h200-tp4,triton,53,4,0.8645833283662796,0.8314328302121925,0.8977338265203667
h200-tp4,triton,54,4,0.8229166716337204,0.7594383500278327,0.8863949932396081
h200-tp4,triton,55,4,0.8541666567325592,0.8158877586664944,0.892445554798624
h200-tp4,triton,56,4,0.8645833283662796,0.8011049572295807,0.9280616995029785
h200-tp4,triton,57,4,0.9270833432674408,0.8939328925354991,0.9602337939993825
h200-tp4,triton,58,4,0.7786458432674408,0.7372077087192956,0.820083977815586
h200-tp4,triton,59,4,0.8203125,0.7889361026909035,0.8516888973090965
h200-tp4,triton,60,4,0.8723958432674408,0.7707809183861635,0.9740107681487181
h200-tp4,triton,61,4,0.8958333432674408,0.8295323469592666,0.962134339575615
h200-tp4,triton,62,4,0.8723958432674408,0.8113068419684154,0.9334848445664662
h200-tp4,triton,63,4,0.8697916716337204,0.8532164462677495,0.8863668969996913
h200-tp4,triton,64,4,0.9583333283662796,0.9041988302885663,1.012467826443993
h200-tp4,triton,65,4,0.8255208283662796,0.7497144076183847,0.9013272491141745
h200-tp4,triton,66,4,0.9453125,0.8695060775239473,1.0211189224760526
h200-tp4,triton,67,4,0.8854166716337204,0.8522661734796333,0.9185671697878075
h200-tp4,triton,68,4,0.9348958432674408,0.9007251312066433,0.9690665553282383
h200-tp4,triton,69,4,0.8489583283662796,0.8095013334159765,0.8884153233165827
h200-tp4,triton,70,4,0.7291666716337204,0.643572490187245,0.8147608530801957
h200-tp4,triton,71,4,0.8177083283662796,0.778251373258539,0.8571652834740202
h200-tp4,triton,72,4,0.8854166716337204,0.8522661734796333,0.9185671697878075
h200-tp4,triton,73,4,0.9244791567325592,0.8274750366885113,1.021483276776607
h200-tp4,triton,74,4,0.78125,0.6978231072360401,0.8646768927639599
h200-tp4,triton,75,4,0.7473958134651184,0.6532665380321138,0.841525088898123
h200-tp4,triton,76,4,0.8203125,0.8044429257898639,0.8361820742101361
h200-tp4,triton,77,4,0.7552083432674408,0.6868668501364983,0.8235498363983833
h200-tp4,triton,78,4,0.8125000149011612,0.7461990660151324,0.87880096378719
h200-tp4,triton,79,4,0.9895833283662796,0.9564328302121925,1.0227338265203667
h200-tp4,triton,80,4,0.9088541716337204,0.8330477405168695,0.9846606027505713
h200-tp4,triton,81,4,0.8333333432674408,0.7242217657185325,0.9424449208163491
h200-tp4,triton,82,4,0.8489583432674408,0.7671946180083211,0.9307220685265605
h200-tp4,triton,83,4,0.9401041567325592,0.9059334446717617,0.9742748687933567
h200-tp4,triton,84,4,0.9166666865348816,0.9166666865348816,0.9166666865348816
h200-tp4,triton,85,4,0.9375,0.8519058307978716,1.0230941692021283
h200-tp4,triton,86,4,0.8020833283662796,0.7386050067603919,0.8655616499721673
h200-tp4,triton,87,4,0.8307291716337204,0.7759639611885528,0.885494382078888
h200-tp4,triton,88,4,0.9270833432674408,0.8939328925354991,0.9602337939993825
h200-tp4,triton,89,4,0.8046875,0.7733111026909035,0.8360638973090965
h200-tp4,triton,90,4,0.9348958432674408,0.9007251312066433,0.9690665553282383
h200-tp4,triton,91,4,0.9088541716337204,0.8721009659580021,0.9456073773094387
h200-tp4,triton,92,4,0.9166666716337204,0.8229029481658781,1.0104303951015627
h200-tp4,triton,93,4,0.9010416716337204,0.8513159428445329,0.9507674004229079
h200-tp4,triton,94,4,0.9479166567325592,0.9147662060006175,0.9810671074645009
h200-tp4,triton,95,4,0.8567708432674408,0.7498851735525431,0.9636565129823385
h200-tp4,triton,96,4,0.8697916716337204,0.7858177000850971,0.9537656431823437
h200-tp4,triton,97,4,0.8671875,0.8280217019079588,0.9063532980920412
h200-tp4,triton,98,4,0.8229166567325592,0.7897662060006175,0.8560671074645009
h200-tp4,triton,99,4,0.8098958432674408,0.7757251312066433,0.8440665553282383
h200-tp4,triton,100,4,0.875,0.875,0.875
h200-tp4,liger_tp,1,4,0.4270833358168602,0.30378610073420936,0.550380570899511
h200-tp4,liger_tp,2,4,0.5286458507180214,0.450460586933567,0.6068311145024757
h200-tp4,liger_tp,3,4,0.3541666716337204,0.2764218924710614,0.4319114507963794
h200-tp4,liger_tp,4,4,0.5104166641831398,0.4269897996846621,0.5938435286816175
h200-tp4,liger_tp,5,4,0.4947916641831398,0.3506092916916037,0.6389740366746759
h200-tp4,liger_tp,6,4,0.4687500074505806,0.3555195439319031,0.5819804709692581
h200-tp4,liger_tp,7,4,0.609375,0.5276112426959652,0.6911387573040348
h200-tp4,liger_tp,8,4,0.4973958358168602,0.3410985592363186,0.6536931123974018
h200-tp4,liger_tp,9,4,0.5104166641831398,0.4269897996846621,0.5938435286816175
h200-tp4,liger_tp,10,4,0.3489583358168602,0.28768223075097415,0.41023444088274624
h200-tp4,liger_tp,11,4,0.5052083358168602,0.3931976476193132,0.6172190240144072
h200-tp4,liger_tp,12,4,0.5078124925494194,0.44238050678798996,0.5732444783108488
h200-tp4,liger_tp,13,4,0.484375,0.4201793465689909,0.5485706534310091
h200-tp4,liger_tp,14,4,0.4114583358168602,0.27578413470615415,0.5471325369275662
h200-tp4,liger_tp,15,4,0.5104166716337204,0.38491097801519253,0.6359223652522483
h200-tp4,liger_tp,16,4,0.6588541567325592,0.5309094874201776,0.7867988260449408
h200-tp4,liger_tp,17,4,0.5572916641831398,0.4150275295125211,0.6995557988537585
h200-tp4,liger_tp,18,4,0.6302083432674408,0.406391439024221,0.8540252475106607
h200-tp4,liger_tp,19,4,0.71875,0.6552716701389764,0.7822283298610236
h200-tp4,liger_tp,20,4,0.5963541716337204,0.4903287574830809,0.7023795857843599
h200-tp4,liger_tp,21,4,0.544270820915699,0.41995653582662684,0.6685851060047712
h200-tp4,liger_tp,22,4,0.6796875,0.5454553010843046,0.8139196989156954
h200-tp4,liger_tp,23,4,0.734375,0.6608685672617859,0.8078814327382141
h200-tp4,liger_tp,24,4,0.6692708432674408,0.5946822755511069,0.7438594109837747
h200-tp4,liger_tp,25,4,0.7604166567325592,0.6769897765310382,0.8438435369340802
h200-tp4,liger_tp,26,4,0.6614583432674408,0.6518886050613304,0.6710280814735512
h200-tp4,liger_tp,27,4,0.7369791716337204,0.545884061917029,0.9280742813504118
h200-tp4,liger_tp,28,4,0.6770833283662796,0.6282871324253493,0.7258795243072099
h200-tp4,liger_tp,29,4,0.7213541716337204,0.6153287871376166,0.8273795561298242
h200-tp4,liger_tp,30,4,0.7786458432674408,0.7004605568626677,0.8568311296722139
h200-tp4,liger_tp,31,4,0.8593750149011612,0.7532416789966763,0.9655083508056461
h200-tp4,liger_tp,32,4,0.796875,0.7129010502924125,0.8808489497075875
h200-tp4,liger_tp,33,4,0.8307291716337204,0.744734723287704,0.9167236199797368
h200-tp4,liger_tp,34,4,0.7916666716337204,0.6833976367582846,0.8999357065091562
h200-tp4,liger_tp,35,4,0.828125,0.7611369968323577,0.8951130031676423
h200-tp4,liger_tp,36,4,0.703125,0.5359970019553429,0.8702529980446571
h200-tp4,liger_tp,37,4,0.8020833283662796,0.74309161564254,0.8610750410900192
h200-tp4,liger_tp,38,4,0.828125,0.654546020807737,1.001703979192263
h200-tp4,liger_tp,39,4,0.7630208432674408,0.6439749212797239,0.8820667652551577
h200-tp4,liger_tp,40,4,0.7760416567325592,0.6150540414909684,0.93702927197415
h200-tp4,liger_tp,41,4,0.8437499850988388,0.8105994869447517,0.8769004832529259
h200-tp4,liger_tp,42,4,0.8307291567325592,0.7155938268938604,0.945864486571258
h200-tp4,liger_tp,43,4,0.7786458283662796,0.6371077914291683,0.9201838653033909
h200-tp4,liger_tp,44,4,0.7656249850988388,0.6404846689840372,0.8907653012136404
h200-tp4,liger_tp,45,4,0.9270833283662796,0.8636050067603919,0.9905616499721673
h200-tp4,liger_tp,46,4,0.7734375,0.6940895827206406,0.8527854172793594
h200-tp4,liger_tp,47,4,0.7734375,0.6225057073593295,0.9243692926406705
h200-tp4,liger_tp,48,4,0.8072916716337204,0.7376230650319524,0.8769602782354884
h200-tp4,liger_tp,49,4,0.8229166567325592,0.6862336934737986,0.9595996199913198
h200-tp4,liger_tp,50,4,0.7447916567325592,0.6495741509341773,0.8400091625309412
h200-tp4,liger_tp,51,4,0.8307291716337204,0.7365998975924768,0.924858445674964
h200-tp4,liger_tp,52,4,0.8645833283662796,0.812167803494416,0.9169988532381432
h200-tp4,liger_tp,53,4,0.8333333283662796,0.7395696048984373,0.9270970518341219
h200-tp4,liger_tp,54,4,0.7604166567325592,0.6031701054443903,0.9176632080207281
h200-tp4,liger_tp,55,4,0.8307291567325592,0.7965583986655231,0.8648999147995953
h200-tp4,liger_tp,56,4,0.8541666716337204,0.7393300230675062,0.9690033201999346
h200-tp4,liger_tp,57,4,0.8697916716337204,0.813176424833613,0.9264069184338278
h200-tp4,liger_tp,58,4,0.8098958432674408,0.6931805506009728,0.9266111359339088
h200-tp4,liger_tp,59,4,0.84375,0.7802716701389764,0.9072283298610236
h200-tp4,liger_tp,60,4,0.8802083283662796,0.7665742068806577,0.9938424498519015
h200-tp4,liger_tp,61,4,0.90625,0.8427716701389764,0.9697283298610236
h200-tp4,liger_tp,62,4,0.9062500149011612,0.8730995167470741,0.9394005130552483
h200-tp4,liger_tp,63,4,0.8489583432674408,0.7547075415106498,0.9432091450242318
h200-tp4,liger_tp,64,4,0.9583333283662796,0.9041988302885663,1.012467826443993
h200-tp4,liger_tp,65,4,0.84375,0.7603231072360401,0.9271768927639599
h200-tp4,liger_tp,66,4,0.9687499850988388,0.9355994869447517,1.001900483252926
h200-tp4,liger_tp,67,4,0.9192708283662796,0.864505617921112,0.9740360388114472
h200-tp4,liger_tp,68,4,0.9557291716337204,0.9009639611885528,1.0104943820788879
h200-tp4,liger_tp,69,4,0.8984375,0.8436722584571346,0.9532027415428654
h200-tp4,liger_tp,70,4,0.8307291567325592,0.8224415677606465,0.8390167457044719
h200-tp4,liger_tp,71,4,0.7786458283662796,0.710472068260948,0.8468195884716112
h200-tp4,liger_tp,72,4,0.9166666567325592,0.8229029332647129,1.0104303802004055
h200-tp4,liger_tp,73,4,0.9270833283662796,0.8636050067603919,0.9905616499721673
h200-tp4,liger_tp,74,4,0.796875,0.7551615661804418,0.8385884338195582
h200-tp4,liger_tp,75,4,0.8333333283662796,0.7395696048984373,0.9270970518341219
h200-tp4,liger_tp,76,4,0.8385416716337204,0.781926452601175,0.8951568906662658
h200-tp4,liger_tp,77,4,0.8125,0.7742211566923121,0.8507788433076879
h200-tp4,liger_tp,78,4,0.8567708283662796,0.8226000818008083,0.8909415749317509
h200-tp4,liger_tp,79,4,0.9895833283662796,0.9564328302121925,1.0227338265203667
h200-tp4,liger_tp,80,4,0.90625,0.8228231072360401,0.9896768927639599
h200-tp4,liger_tp,81,4,0.8072916567325592,0.7490813197743251,0.8655019936907933
h200-tp4,liger_tp,82,4,0.8958333432674408,0.857554445201376,0.9341122413335056
h200-tp4,liger_tp,83,4,0.9557291567325592,0.908120428598776,1.0033378848663423
h200-tp4,liger_tp,84,4,0.8932291716337204,0.8496369935800498,0.936821349687391
h200-tp4,liger_tp,85,4,0.9895833283662796,0.9564328302121925,1.0227338265203667
h200-tp4,liger_tp,86,4,0.7916666865348816,0.7916666865348816,0.7916666865348816
h200-tp4,liger_tp,87,4,0.8307291716337204,0.7586380131005646,0.9028203301668762
h200-tp4,liger_tp,88,4,0.9166666567325592,0.8229029332647129,1.0104303802004055
h200-tp4,liger_tp,89,4,0.8880208283662796,0.8098355872021432,0.966206069530416
h200-tp4,liger_tp,90,4,0.9296875,0.8983111026909035,0.9610638973090965
h200-tp4,liger_tp,91,4,0.9479166567325592,0.8644897765310382,1.0313435369340802
h200-tp4,liger_tp,92,4,0.875,0.8191994483476789,0.9308005516523211
h200-tp4,liger_tp,93,4,0.953125,0.8965097855953852,1.0097402144046148
h200-tp4,liger_tp,94,4,0.9062500149011612,0.8730995167470741,0.9394005130552483
h200-tp4,liger_tp,95,4,0.875,0.820865463202274,0.929134536797726
h200-tp4,liger_tp,96,4,0.8802083283662796,0.7849908308230383,0.9754258259095209
h200-tp4,liger_tp,97,4,0.8958333283662796,0.8295323794802508,0.9621342772523084
h200-tp4,liger_tp,98,4,0.859375,0.82763581855921,0.89111418144079
h200-tp4,liger_tp,99,4,0.8020833432674408,0.7689328925354991,0.8352337939993825
h200-tp4,liger_tp,100,4,0.8854166716337204,0.8522661734796333,0.9185671697878075
h200-tp1,triton,1,4,0.875,0.8648497791904288,0.8851502208095712
h200-tp1,triton,2,4,0.84765625,0.8400435843928216,0.8552689156071784
h200-tp1,triton,3,4,0.83056640625,0.8220080334280762,0.8391247790719238
h200-tp1,triton,4,4,0.81298828125,0.792628452546542,0.833348109953458
h200-tp1,triton,5,4,0.89453125,0.8847033409610507,0.9043591590389493
h200-tp1,triton,6,4,0.8974609375,0.8854242563080438,0.9094976186919562
h200-tp1,triton,7,4,0.84423828125,0.8124048560413157,0.8760717064586843
h200-tp1,triton,8,4,0.86181640625,0.8386460120683557,0.8849868004316443
h200-tp1,triton,9,4,0.84423828125,0.8322350818508338,0.8562414806491662
h200-tp1,triton,10,4,0.86181640625,0.8191752845343868,0.9044575279656132
h200-tp1,triton,11,4,0.85205078125,0.8235244393542016,0.8805771231457984
h200-tp1,triton,12,4,0.90771484375,0.8949322636101489,0.9204974238898511
h200-tp1,triton,13,4,0.89306640625,0.8698960120683557,0.9162368004316443
h200-tp1,triton,14,4,0.85595703125,0.8400339987277577,0.8718800637722423
h200-tp1,triton,15,4,0.86376953125,0.8405991370683557,0.8869399254316443
h200-tp1,triton,16,4,0.896484375,0.8819072301708061,0.9110615198291939
h200-tp1,triton,17,4,0.86572265625,0.8452053023455769,0.8862400101544231
h200-tp1,triton,18,4,0.89111328125,0.8564707731671919,0.9257557893328081
h200-tp1,triton,19,4,0.8447265625,0.8235718123204125,0.8658813126795875
h200-tp1,triton,20,4,0.869140625,0.8424058220088394,0.8958754279911606
h200-tp1,triton,21,4,0.8896484375,0.8660478098801887,0.9132490651198113
h200-tp1,triton,22,4,0.888671875,0.8685306549891114,0.9088130950108886
h200-tp1,triton,23,4,0.87890625,0.8531528774104798,0.9046596225895202
h200-tp1,triton,24,4,0.85986328125,0.8313369393542016,0.8883896231457984
h200-tp1,triton,25,4,0.853515625,0.842167333141583,0.864863916858417
h200-tp1,triton,26,4,0.89208984375,0.8608691480164685,0.9233105394835315
h200-tp1,triton,27,4,0.88134765625,0.853047942308944,0.909647370191056
h200-tp1,triton,28,4,0.8798828125,0.8554773880521412,0.9042882369478588
h200-tp1,triton,29,4,0.8583984375,0.825852375316475,0.890944499683525
h200-tp1,triton,30,4,0.87744140625,0.8685147645654562,0.8863680479345438
h200-tp1,triton,31,4,0.8759765625,0.8579438446387864,0.8940092803612136
h200-tp1,triton,32,4,0.89990234375,0.8868703238974635,0.9129343636025365
h200-tp1,triton,33,4,0.814453125,0.8077393849963705,0.8211668650036295
h200-tp1,triton,34,4,0.888671875,0.8745433655754035,0.9028003844245965
h200-tp1,triton,35,4,0.86669921875,0.8501807283855642,0.8832177091144358
h200-tp1,triton,36,4,0.875,0.8543848040818771,0.8956151959181229
h200-tp1,triton,37,4,0.904296875,0.8711140349273417,0.9374797150726583
h200-tp1,triton,38,4,0.861328125,0.8301461246282502,0.8925101253717498
h200-tp1,triton,39,4,0.84033203125,0.7947707240104863,0.8858933384895137
h200-tp1,triton,40,4,0.91064453125,0.8867894877883181,0.9344995747116819
h200-tp1,triton,41,4,0.86669921875,0.8478161589559031,0.8855822785440969
h200-tp1,triton,42,4,0.88232421875,0.8531285461188185,0.9115198913811815
h200-tp1,triton,43,4,0.87158203125,0.8446821507245532,0.8984819117754468
h200-tp1,triton,44,4,0.83447265625,0.8255460145654562,0.8433992979345438
h200-tp1,triton,45,4,0.93798828125,0.9350127340218187,0.9409638284781813
h200-tp1,triton,46,4,0.8974609375,0.8720220256969832,0.9228998493030168
h200-tp1,triton,47,4,0.880859375,0.8571906357591449,0.9045281142408551
h200-tp1,triton,48,4,0.92626953125,0.8952557686715032,0.9572832938284968
h200-tp1,triton,49,4,0.86865234375,0.848292515046542,0.889012172453458
h200-tp1,triton,50,4,0.8740234375,0.8612094118510338,0.8868374631489662
h200-tp1,triton,51,4,0.8876953125,0.8671583529017539,0.9082322720982461
h200-tp1,triton,52,4,0.9072265625,0.8902989579727496,0.9241541670272504
h200-tp1,triton,53,4,0.8623046875,0.8417677279017539,0.8828416470982461
h200-tp1,triton,54,4,0.93115234375,0.9169386365114622,0.9453660509885378
h200-tp1,triton,55,4,0.85546875,0.8326307531784648,0.8783067468215352
h200-tp1,triton,56,4,0.9208984375,0.9028657196387864,0.9389311553612136
h200-tp1,triton,57,4,0.8876953125,0.8773877145409386,0.8980029104590614
h200-tp1,triton,58,4,0.87109375,0.8417194248452742,0.9004680751547258
h200-tp1,triton,59,4,0.90673828125,0.896469801450877,0.917006761049123
h200-tp1,triton,60,4,0.9091796875,0.8947133970919964,0.9236459779080036
h200-tp1,triton,61,4,0.83642578125,0.8061474199264569,0.8667041425735431
h200-tp1,triton,62,4,0.853515625,0.8436877159610507,0.8633435340389493
h200-tp1,triton,63,4,0.92041015625,0.9044871237277577,0.9363331887722423
h200-tp1,triton,64,4,0.884765625,0.8671849268497798,0.9023463231502202
h200-tp1,triton,65,4,0.8701171875,0.8488107884244653,0.8914235865755347
h200-tp1,triton,66,4,0.90087890625,0.8775699733499729,0.9241878391500271
h200-tp1,triton,67,4,0.91650390625,0.9025185465099838,0.9304892659900162
h200-tp1,triton,68,4,0.8515625,0.8322370553349719,0.8708879446650281
h200-tp1,triton,69,4,0.90283203125,0.8572001136508178,0.9484639488491822
h200-tp1,triton,70,4,0.89892578125,0.8615129740200107,0.9363385884799893
h200-tp1,triton,71,4,0.943359375,0.9119715506090967,0.9747471993909033
h200-tp1,triton,72,4,0.90673828125,0.8827486525541672,0.9307279099458328
h200-tp1,triton,73,4,0.84228515625,0.7989698247978173,0.8856004877021827
h200-tp1,triton,74,4,0.892578125,0.8732526803349719,0.9119035696650281
h200-tp1,triton,75,4,0.90283203125,0.8881722957041847,0.9174917667958153
h200-tp1,triton,76,4,0.9150390625,0.8878860360868294,0.9421920889131706
h200-tp1,triton,77,4,0.87646484375,0.8547283467350514,0.8982013407649486
h200-tp1,triton,78,4,0.90185546875,0.8823022927213289,0.9214086447786711
h200-tp1,triton,79,4,0.89501953125,0.8777389852649705,0.9123000772350295
h200-tp1,triton,80,4,0.88330078125,0.859854128197951,0.906747434302049
h200-tp1,triton,81,4,0.900390625,0.8953155145952144,0.9054657354047856
h200-tp1,triton,82,4,0.8720703125,0.8600336313080438,0.8841069936919562
h200-tp1,triton,83,4,0.9013671875,0.8735118116844508,0.9292225633155492
h200-tp1,triton,84,4,0.92724609375,0.9075289469175247,0.9469632405824753
h200-tp1,triton,85,4,0.92138671875,0.8860996436217925,0.9566737938782075
h200-tp1,triton,86,4,0.88525390625,0.8712685465099838,0.8992392659900162
h200-tp1,triton,87,4,0.91015625,0.8845281987020676,0.9357843012979324
h200-tp1,triton,88,4,0.89208984375,0.8699134404867014,0.9142662470132986
h200-tp1,triton,89,4,0.8974609375,0.88490068006127,0.91002119493873
h200-tp1,triton,90,4,0.90869140625,0.884434847182929,0.932947965317071
h200-tp1,triton,91,4,0.865234375,0.8464153619470929,0.8840533880529071
h200-tp1,triton,92,4,0.87548828125,0.8669299084280762,0.8840466540719238
h200-tp1,triton,93,4,0.892578125,0.8694598968751883,0.9156963531248117
h200-tp1,triton,94,4,0.9052734375,0.8874201541309124,0.9231267208690876
h200-tp1,triton,95,4,0.89306640625,0.8723927273890779,0.9137400851109221
h200-tp1,triton,96,4,0.90234375,0.8912828033091139,0.9134046966908861
h200-tp1,triton,97,4,0.8671875,0.8567248918696989,0.8776501081303011
h200-tp1,triton,98,4,0.90771484375,0.8935011365114622,0.9219285509885378
h200-tp1,triton,99,4,0.90478515625,0.8744006478477858,0.9351696646522142
h200-tp1,triton,100,4,0.888671875,0.8682134509077734,0.9091302990922266
h200-tp1,liger_tp,1,4,0.8759765625,0.8543700585167933,0.8975830664832067
h200-tp1,liger_tp,2,4,0.8232421875,0.8003338114767407,0.8461505635232593
h200-tp1,liger_tp,3,4,0.80712890625,0.7774954109109772,0.8367624015890228
h200-tp1,liger_tp,4,4,0.81982421875,0.7983860068453077,0.8412624306546923
h200-tp1,liger_tp,5,4,0.890625,0.8693942899703436,0.9118557100296564
h200-tp1,liger_tp,6,4,0.89013671875,0.8740127567334988,0.9062606807665012
h200-tp1,liger_tp,7,4,0.8369140625,0.8175054972592704,0.8563226277407296
h200-tp1,liger_tp,8,4,0.865234375,0.8485945127582866,0.8818742372417134
h200-tp1,liger_tp,9,4,0.8642578125,0.8407940012655947,0.8877216237344053
h200-tp1,liger_tp,10,4,0.8505859375,0.8311773722592704,0.8699945027407296
h200-tp1,liger_tp,11,4,0.8427734375,0.8208709402180299,0.8646759347819701
h200-tp1,liger_tp,12,4,0.9169921875,0.8893689438632527,0.9446154311367473
h200-tp1,liger_tp,13,4,0.8916015625,0.8833789438626982,0.8998241811373018
h200-tp1,liger_tp,14,4,0.8642578125,0.8296967205299409,0.8988189044700591
h200-tp1,liger_tp,15,4,0.8583984375,0.8347978098801887,0.8819990651198113
h200-tp1,liger_tp,16,4,0.876953125,0.8451576494474163,0.9087486005525837
h200-tp1,liger_tp,17,4,0.85791015625,0.8341904616450195,0.8816298508549805
h200-tp1,liger_tp,18,4,0.87451171875,0.8532242167061881,0.8957992207938119
h200-tp1,liger_tp,19,4,0.84130859375,0.8234778666544412,0.8591393208455588
h200-tp1,liger_tp,20,4,0.85498046875,0.8146680678166642,0.8952928696833358
h200-tp1,liger_tp,21,4,0.89111328125,0.8771279215099838,0.9050986409900162
h200-tp1,liger_tp,22,4,0.87646484375,0.839571985004747,0.913357702495253
h200-tp1,liger_tp,23,4,0.86865234375,0.853347919373735,0.883956768126265
h200-tp1,liger_tp,24,4,0.86669921875,0.8348657935413157,0.8985326439586843
h200-tp1,liger_tp,25,4,0.85693359375,0.8539580465218187,0.8599091409781813
h200-tp1,liger_tp,26,4,0.90576171875,0.8812411349358922,0.9302823025641078
h200-tp1,liger_tp,27,4,0.900390625,0.8843417167440585,0.9164395332559415
h200-tp1,liger_tp,28,4,0.89306640625,0.8589860857140033,0.9271467267859967
h200-tp1,liger_tp,29,4,0.86474609375,0.839705810680405,0.889786376819595
h200-tp1,liger_tp,30,4,0.87890625,0.8582910540818771,0.8995214459181229
h200-tp1,liger_tp,31,4,0.89111328125,0.8760206930331427,0.9062058694668573
h200-tp1,liger_tp,32,4,0.9169921875,0.8838578958660293,0.9501264791339707
h200-tp1,liger_tp,33,4,0.8291015625,0.8160386975869132,0.8421644274130868
h200-tp1,liger_tp,34,4,0.87841796875,0.8474042061715032,0.9094317313284968
h200-tp1,liger_tp,35,4,0.87890625,0.855927710333049,0.901884789666951
h200-tp1,liger_tp,36,4,0.88525390625,0.8585944764085175,0.9119133360914825
h200-tp1,liger_tp,37,4,0.9072265625,0.8836259348801887,0.9308271901198113
h200-tp1,liger_tp,38,4,0.87451171875,0.8579932283855642,0.8910302091144358
h200-tp1,liger_tp,39,4,0.84423828125,0.823878452546542,0.864598109953458
h200-tp1,liger_tp,40,4,0.9091796875,0.8756589770703898,0.9427003979296102
h200-tp1,liger_tp,41,4,0.86962890625,0.849269077546542,0.889988734953458
h200-tp1,liger_tp,42,4,0.87646484375,0.85104175708805,0.90188793041195
h200-tp1,liger_tp,43,4,0.8740234375,0.8666252563421666,0.8814216186578334
h200-tp1,liger_tp,44,4,0.8583984375,0.8324582181612505,0.8843386568387495
h200-tp1,liger_tp,45,4,0.9296875,0.925292325462445,0.934082674537555
h200-tp1,liger_tp,46,4,0.884765625,0.8706371155754035,0.8988941344245965
h200-tp1,liger_tp,47,4,0.8896484375,0.8680419335167933,0.9112549414832067
h200-tp1,liger_tp,48,4,0.919921875,0.8885340506090967,0.9513096993909033
h200-tp1,liger_tp,49,4,0.86767578125,0.8617927015354372,0.8735588609645628
h200-tp1,liger_tp,50,4,0.88427734375,0.8546438484109772,0.9139108390890228
h200-tp1,liger_tp,51,4,0.89013671875,0.8491118196440092,0.9311616178559908
h200-tp1,liger_tp,52,4,0.8984375,0.8729353858342241,0.9239396141657759
h200-tp1,liger_tp,53,4,0.8525390625,0.8019468042378576,0.9031313207621424
h200-tp1,liger_tp,54,4,0.94677734375,0.9378507020654562,0.9557039854345438
h200-tp1,liger_tp,55,4,0.86962890625,0.8360242590146796,0.9032335534853204
h200-tp1,liger_tp,56,4,0.93310546875,0.9182277326090936,0.9479832048909064
h200-tp1,liger_tp,57,4,0.90185546875,0.8770736729434999,0.9266372645565001
h200-tp1,liger_tp,58,4,0.8720703125,0.8273560264293075,0.9167845985706925
h200-tp1,liger_tp,59,4,0.91162109375,0.8610367908709183,0.9622053966290817
h200-tp1,liger_tp,60,4,0.91455078125,0.8943497060699764,0.9347518564300236
h200-tp1,liger_tp,61,4,0.845703125,0.8272294442764649,0.8641768057235351
h200-tp1,liger_tp,62,4,0.85498046875,0.8248086279371851,0.8851523095628149
h200-tp1,liger_tp,63,4,0.9248046875,0.9003992630521412,0.9492101119478588
h200-tp1,liger_tp,64,4,0.88427734375,0.8725454381327973,0.8960092493672027
h200-tp1,liger_tp,65,4,0.87451171875,0.8469030481787021,0.9021203893212979
h200-tp1,liger_tp,66,4,0.89404296875,0.869002685680405,0.919083251819595
h200-tp1,liger_tp,67,4,0.9208984375,0.8938642432825067,0.9479326317174933
h200-tp1,liger_tp,68,4,0.87353515625,0.8510702673229026,0.8960000451770974
h200-tp1,liger_tp,69,4,0.89892578125,0.8847120740114622,0.9131394884885378
h200-tp1,liger_tp,70,4,0.89892578125,0.8907522533119641,0.9070993091880359
h200-tp1,liger_tp,71,4,0.92724609375,0.9233354585442658,0.9311567289557342
h200-tp1,liger_tp,72,4,0.92041015625,0.8947350377842285,0.9460852747157715
h200-tp1,liger_tp,73,4,0.8515625,0.8075375626580524,0.8955874373419476
h200-tp1,liger_tp,74,4,0.91455078125,0.9020226062581457,0.9270789562418543
h200-tp1,liger_tp,75,4,0.90087890625,0.8440594810161726,0.9576983314838274
h200-tp1,liger_tp,76,4,0.91455078125,0.8710130332831147,0.9580885292168853
h200-tp1,liger_tp,77,4,0.88134765625,0.8528213143542016,0.9098739981457984
h200-tp1,liger_tp,78,4,0.91064453125,0.8931786657991868,0.9281103967008132
h200-tp1,liger_tp,79,4,0.90234375,0.8836966036799783,0.9209908963200217
h200-tp1,liger_tp,80,4,0.89208984375,0.8714161648890779,0.9127635226109221
h200-tp1,liger_tp,81,4,0.90234375,0.8778724538413831,0.9268150461586169
h200-tp1,liger_tp,82,4,0.87744140625,0.8516411951144959,0.9032416173855041
h200-tp1,liger_tp,83,4,0.8974609375,0.8865464998829705,0.9083753751170295
h200-tp1,liger_tp,84,4,0.92236328125,0.9079248374326058,0.9368017250673942
h200-tp1,liger_tp,85,4,0.916015625,0.8966901803349719,0.9353410696650281
h200-tp1,liger_tp,86,4,0.8798828125,0.8724846313421666,0.8872809936578334
h200-tp1,liger_tp,87,4,0.91845703125,0.8879667453010389,0.9489473171989611
h200-tp1,liger_tp,88,4,0.89453125,0.8767683635832504,0.9122941364167496
h200-tp1,liger_tp,89,4,0.9013671875,0.8883043225869132,0.9144300524130868
h200-tp1,liger_tp,90,4,0.90576171875,0.8937585193508338,0.9177649181491662
h200-tp1,liger_tp,91,4,0.85693359375,0.8404151033855642,0.8734520841144358
h200-tp1,liger_tp,92,4,0.87744140625,0.8567677273890779,0.8981150851109221
h200-tp1,liger_tp,93,4,0.89990234375,0.8746062146189288,0.9251984728810712
h200-tp1,liger_tp,94,4,0.89599609375,0.8851185917299873,0.9068735957700127
h200-tp1,liger_tp,95,4,0.89208984375,0.8765764755827062,0.9076032119172938
h200-tp1,liger_tp,96,4,0.8984375,0.8776667154903148,0.9192082845096852
h200-tp1,liger_tp,97,4,0.89013671875,0.8652253440428455,0.9150480934571545
h200-tp1,liger_tp,98,4,0.90625,0.8754837782371147,0.9370162217628853
h200-tp1,liger_tp,99,4,0.89990234375,0.8597499926830995,0.9400546948169005
h200-tp1,liger_tp,100,4,0.8837890625,0.8568742251312927,0.9107038998687073
