case,backend,step,n_seeds,mean_reward,ci95_lower,ci95_upper
b300-tp1,triton,1,4,0.0,0.0,0.0
b300-tp1,triton,2,4,0.0,0.0,0.0
b300-tp1,triton,3,4,0.0,0.0,0.0
b300-tp1,triton,4,4,0.0,0.0,0.0
b300-tp1,triton,5,4,0.0,0.0,0.0
b300-tp1,triton,6,4,0.0,0.0,0.0
b300-tp1,triton,7,4,0.0,0.0,0.0
b300-tp1,triton,8,4,0.0,0.0,0.0
b300-tp1,triton,9,4,0.0,0.0,0.0
b300-tp1,triton,10,4,0.0,0.0,0.0
b300-tp1,triton,11,4,0.0,0.0,0.0
b300-tp1,triton,12,4,0.0,0.0,0.0
b300-tp1,triton,13,4,0.0,0.0,0.0
b300-tp1,triton,14,4,0.0,0.0,0.0
b300-tp1,triton,15,4,0.0,0.0,0.0
b300-tp1,triton,16,4,0.0,0.0,0.0
b300-tp1,triton,17,4,0.0,0.0,0.0
b300-tp1,triton,18,4,0.0,0.0,0.0
b300-tp1,triton,19,4,0.0,0.0,0.0
b300-tp1,triton,20,4,0.0,0.0,0.0
b300-tp1,triton,21,4,0.0,0.0,0.0
b300-tp1,triton,22,4,0.0,0.0,0.0
b300-tp1,triton,23,4,0.0,0.0,0.0
b300-tp1,triton,24,4,0.0,0.0,0.0
b300-tp1,triton,25,4,0.0,0.0,0.0
b300-tp1,triton,26,4,0.0,0.0,0.0
b300-tp1,triton,27,4,0.0,0.0,0.0
b300-tp1,triton,28,4,0.0,0.0,0.0
b300-tp1,triton,29,4,0.0,0.0,0.0
b300-tp1,triton,30,4,0.0,0.0,0.0
b300-tp1,triton,31,4,0.0,0.0,0.0
b300-tp1,triton,32,4,0.0,0.0,0.0
b300-tp1,triton,33,4,0.001953125,-0.004262590440007242,0.008168840440007243
b300-tp1,triton,34,4,0.0,0.0,0.0
b300-tp1,triton,35,4,0.0,0.0,0.0
b300-tp1,triton,36,4,0.0,0.0,0.0
b300-tp1,triton,37,4,0.0,0.0,0.0
b300-tp1,triton,38,4,0.0,0.0,0.0
b300-tp1,triton,39,4,0.0,0.0,0.0
b300-tp1,triton,40,4,0.0,0.0,0.0
b300-tp1,triton,41,4,0.0,0.0,0.0
b300-tp1,triton,42,4,0.0,0.0,0.0
b300-tp1,triton,43,4,0.0,0.0,0.0
b300-tp1,triton,44,4,0.0,0.0,0.0
b300-tp1,triton,45,4,0.0,0.0,0.0
b300-tp1,triton,46,4,0.0,0.0,0.0
b300-tp1,triton,47,4,0.0,0.0,0.0
b300-tp1,triton,48,4,0.0,0.0,0.0
b300-tp1,triton,49,4,0.001953125,-0.004262590440007242,0.008168840440007243
b300-tp1,triton,50,4,0.001953125,-0.004262590440007242,0.008168840440007243
b300-tp1,triton,51,4,0.0,0.0,0.0
b300-tp1,triton,52,4,0.0,0.0,0.0
b300-tp1,triton,53,4,0.0,0.0,0.0
b300-tp1,triton,54,4,0.0,0.0,0.0
b300-tp1,triton,55,4,0.0,0.0,0.0
b300-tp1,triton,56,4,0.0,0.0,0.0
b300-tp1,triton,57,4,0.0,0.0,0.0
b300-tp1,triton,58,4,0.0,0.0,0.0
b300-tp1,triton,59,4,0.0,0.0,0.0
b300-tp1,triton,60,4,0.0,0.0,0.0
b300-tp1,triton,61,4,0.0,0.0,0.0
b300-tp1,triton,62,4,0.0,0.0,0.0
b300-tp1,triton,63,4,0.0,0.0,0.0
b300-tp1,triton,64,4,0.0,0.0,0.0
b300-tp1,triton,65,4,0.0,0.0,0.0
b300-tp1,triton,66,4,0.0,0.0,0.0
b300-tp1,triton,67,4,0.0,0.0,0.0
b300-tp1,triton,68,4,0.0,0.0,0.0
b300-tp1,triton,69,4,0.0,0.0,0.0
b300-tp1,triton,70,4,0.0,0.0,0.0
b300-tp1,triton,71,4,0.0,0.0,0.0
b300-tp1,triton,72,4,0.0,0.0,0.0
b300-tp1,triton,73,4,0.0,0.0,0.0
b300-tp1,triton,74,4,0.0,0.0,0.0
b300-tp1,triton,75,4,0.0,0.0,0.0
b300-tp1,triton,76,4,0.0,0.0,0.0
b300-tp1,triton,77,4,0.0,0.0,0.0
b300-tp1,triton,78,4,0.0,0.0,0.0
b300-tp1,triton,79,4,0.0,0.0,0.0
b300-tp1,triton,80,4,0.0,0.0,0.0
b300-tp1,triton,81,4,0.0,0.0,0.0
b300-tp1,triton,82,4,0.0,0.0,0.0
b300-tp1,triton,83,4,0.0,0.0,0.0
b300-tp1,triton,84,4,0.0,0.0,0.0
b300-tp1,triton,85,4,0.0,0.0,0.0
b300-tp1,triton,86,4,0.0,0.0,0.0
b300-tp1,triton,87,4,0.0,0.0,0.0
b300-tp1,triton,88,4,0.0,0.0,0.0
b300-tp1,triton,89,4,0.0,0.0,0.0
b300-tp1,triton,90,4,0.0,0.0,0.0
b300-tp1,triton,91,4,0.0,0.0,0.0
b300-tp1,triton,92,4,0.0,0.0,0.0
b300-tp1,triton,93,4,0.0,0.0,0.0
b300-tp1,triton,94,4,0.0,0.0,0.0
b300-tp1,triton,95,4,0.0,0.0,0.0
b300-tp1,triton,96,4,0.0,0.0,0.0
b300-tp1,triton,97,4,0.0,0.0,0.0
b300-tp1,triton,98,4,0.0,0.0,0.0
b300-tp1,triton,99,4,0.0,0.0,0.0
b300-tp1,triton,100,4,0.0,0.0,0.0
b300-tp1,liger_tp,1,4,0.0,0.0,0.0
b300-tp1,liger_tp,2,4,0.0,0.0,0.0
b300-tp1,liger_tp,3,4,0.0,0.0,0.0
b300-tp1,liger_tp,4,4,0.0,0.0,0.0
b300-tp1,liger_tp,5,4,0.0,0.0,0.0
b300-tp1,liger_tp,6,4,0.0,0.0,0.0
b300-tp1,liger_tp,7,4,0.0,0.0,0.0
b300-tp1,liger_tp,8,4,0.0,0.0,0.0
b300-tp1,liger_tp,9,4,0.0,0.0,0.0
b300-tp1,liger_tp,10,4,0.0,0.0,0.0
b300-tp1,liger_tp,11,4,0.0,0.0,0.0
b300-tp1,liger_tp,12,4,0.0,0.0,0.0
b300-tp1,liger_tp,13,4,0.0,0.0,0.0
b300-tp1,liger_tp,14,4,0.0,0.0,0.0
b300-tp1,liger_tp,15,4,0.0,0.0,0.0
b300-tp1,liger_tp,16,4,0.0,0.0,0.0
b300-tp1,liger_tp,17,4,0.0,0.0,0.0
b300-tp1,liger_tp,18,4,0.0,0.0,0.0
b300-tp1,liger_tp,19,4,0.0,0.0,0.0
b300-tp1,liger_tp,20,4,0.0,0.0,0.0
b300-tp1,liger_tp,21,4,0.0,0.0,0.0
b300-tp1,liger_tp,22,4,0.0,0.0,0.0
b300-tp1,liger_tp,23,4,0.0,0.0,0.0
b300-tp1,liger_tp,24,4,0.0,0.0,0.0
b300-tp1,liger_tp,25,4,0.0,0.0,0.0
b300-tp1,liger_tp,26,4,0.0,0.0,0.0
b300-tp1,liger_tp,27,4,0.0,0.0,0.0
b300-tp1,liger_tp,28,4,0.0,0.0,0.0
b300-tp1,liger_tp,29,4,0.0,0.0,0.0
b300-tp1,liger_tp,30,4,0.0,0.0,0.0
b300-tp1,liger_tp,31,4,0.0,0.0,0.0
b300-tp1,liger_tp,32,4,0.0,0.0,0.0
b300-tp1,liger_tp,33,4,0.001953125,-0.004262590440007242,0.008168840440007243
b300-tp1,liger_tp,34,4,0.0,0.0,0.0
b300-tp1,liger_tp,35,4,0.0,0.0,0.0
b300-tp1,liger_tp,36,4,0.0,0.0,0.0
b300-tp1,liger_tp,37,4,0.0,0.0,0.0
b300-tp1,liger_tp,38,4,0.0,0.0,0.0
b300-tp1,liger_tp,39,4,0.0,0.0,0.0
b300-tp1,liger_tp,40,4,0.0,0.0,0.0
b300-tp1,liger_tp,41,4,0.0,0.0,0.0
b300-tp1,liger_tp,42,4,0.0,0.0,0.0
b300-tp1,liger_tp,43,4,0.0,0.0,0.0
b300-tp1,liger_tp,44,4,0.0,0.0,0.0
b300-tp1,liger_tp,45,4,0.0,0.0,0.0
b300-tp1,liger_tp,46,4,0.001953125,-0.004262590440007242,0.008168840440007243
b300-tp1,liger_tp,47,4,0.0,0.0,0.0
b300-tp1,liger_tp,48,4,0.0,0.0,0.0
b300-tp1,liger_tp,49,4,0.0,0.0,0.0
b300-tp1,liger_tp,50,4,0.0,0.0,0.0
b300-tp1,liger_tp,51,4,0.0,0.0,0.0
b300-tp1,liger_tp,52,4,0.0,0.0,0.0
b300-tp1,liger_tp,53,4,0.0,0.0,0.0
b300-tp1,liger_tp,54,4,0.0,0.0,0.0
b300-tp1,liger_tp,55,4,0.0,0.0,0.0
b300-tp1,liger_tp,56,4,0.0,0.0,0.0
b300-tp1,liger_tp,57,4,0.0,0.0,0.0
b300-tp1,liger_tp,58,4,0.0,0.0,0.0
b300-tp1,liger_tp,59,4,0.0,0.0,0.0
b300-tp1,liger_tp,60,4,0.0,0.0,0.0
b300-tp1,liger_tp,61,4,0.0,0.0,0.0
b300-tp1,liger_tp,62,4,0.0,0.0,0.0
b300-tp1,liger_tp,63,4,0.0,0.0,0.0
b300-tp1,liger_tp,64,4,0.0,0.0,0.0
b300-tp1,liger_tp,65,4,0.0,0.0,0.0
b300-tp1,liger_tp,66,4,0.0,0.0,0.0
b300-tp1,liger_tp,67,4,0.0,0.0,0.0
b300-tp1,liger_tp,68,4,0.0,0.0,0.0
b300-tp1,liger_tp,69,4,0.0,0.0,0.0
b300-tp1,liger_tp,70,4,0.0,0.0,0.0
b300-tp1,liger_tp,71,4,0.0,0.0,0.0
b300-tp1,liger_tp,72,4,0.0,0.0,0.0
b300-tp1,liger_tp,73,4,0.0,0.0,0.0
b300-tp1,liger_tp,74,4,0.0,0.0,0.0
b300-tp1,liger_tp,75,4,0.0,0.0,0.0
b300-tp1,liger_tp,76,4,0.0,0.0,0.0
b300-tp1,liger_tp,77,4,0.0,0.0,0.0
b300-tp1,liger_tp,78,4,0.0,0.0,0.0
b300-tp1,liger_tp,79,4,0.0,0.0,0.0
b300-tp1,liger_tp,80,4,0.0,0.0,0.0
b300-tp1,liger_tp,81,4,0.0,0.0,0.0
b300-tp1,liger_tp,82,4,0.0,0.0,0.0
b300-tp1,liger_tp,83,4,0.0,0.0,0.0
b300-tp1,liger_tp,84,4,0.0,0.0,0.0
b300-tp1,liger_tp,85,4,0.0,0.0,0.0
b300-tp1,liger_tp,86,4,0.0,0.0,0.0
b300-tp1,liger_tp,87,4,0.0,0.0,0.0
b300-tp1,liger_tp,88,4,0.0,0.0,0.0
b300-tp1,liger_tp,89,4,0.0,0.0,0.0
b300-tp1,liger_tp,90,4,0.0,0.0,0.0
b300-tp1,liger_tp,91,4,0.0,0.0,0.0
b300-tp1,liger_tp,92,4,0.0,0.0,0.0
b300-tp1,liger_tp,93,4,0.0,0.0,0.0
b300-tp1,liger_tp,94,4,0.0,0.0,0.0
b300-tp1,liger_tp,95,4,0.0,0.0,0.0
b300-tp1,liger_tp,96,4,0.0,0.0,0.0
b300-tp1,liger_tp,97,4,0.0,0.0,0.0
b300-tp1,liger_tp,98,4,0.0,0.0,0.0
b300-tp1,liger_tp,99,4,0.0,0.0,0.0
b300-tp1,liger_tp,100,4,0.0,0.0,0.0
b300-tp4,triton,1,4,0.0,0.0,0.0
b300-tp4,triton,2,4,0.0,0.0,0.0
b300-tp4,triton,3,4,0.0,0.0,0.0
b300-tp4,triton,4,4,0.0,0.0,0.0
b300-tp4,triton,5,4,0.0,0.0,0.0
b300-tp4,triton,6,4,0.0,0.0,0.0
b300-tp4,triton,7,4,0.0,0.0,0.0
b300-tp4,triton,8,4,0.0,0.0,0.0
b300-tp4,triton,9,4,0.0,0.0,0.0
b300-tp4,triton,10,4,0.0,0.0,0.0
b300-tp4,triton,11,4,0.0,0.0,0.0
b300-tp4,triton,12,4,0.0,0.0,0.0
b300-tp4,triton,13,4,0.0,0.0,0.0
b300-tp4,triton,14,4,0.0,0.0,0.0
b300-tp4,triton,15,4,0.0,0.0,0.0
b300-tp4,triton,16,4,0.0,0.0,0.0
b300-tp4,triton,17,4,0.0,0.0,0.0
b300-tp4,triton,18,4,0.0,0.0,0.0
b300-tp4,triton,19,4,0.0,0.0,0.0
b300-tp4,triton,20,4,0.0,0.0,0.0
b300-tp4,triton,21,4,0.0,0.0,0.0
b300-tp4,triton,22,4,0.0,0.0,0.0
b300-tp4,triton,23,4,0.0,0.0,0.0
b300-tp4,triton,24,4,0.0026041667442768812,-0.005683454089389781,0.010891787577943544
b300-tp4,triton,25,4,0.0,0.0,0.0
b300-tp4,triton,26,4,0.0,0.0,0.0
b300-tp4,triton,27,4,0.0,0.0,0.0
b300-tp4,triton,28,4,0.0,0.0,0.0
b300-tp4,triton,29,4,0.0026041667442768812,-0.005683454089389781,0.010891787577943544
b300-tp4,triton,30,4,0.0,0.0,0.0
b300-tp4,triton,31,4,0.0026041667442768812,-0.005683454089389781,0.010891787577943544
b300-tp4,triton,32,4,0.007812500232830644,-0.008057085457086645,0.023682085922747932
b300-tp4,triton,33,4,0.0026041667442768812,-0.005683454089389781,0.010891787577943544
b300-tp4,triton,34,4,0.010416666977107525,-0.0031169611723209176,0.023950295126535966
b300-tp4,triton,35,4,0.0052083334885537624,-0.011366908178779563,0.021783575155887087
b300-tp4,triton,36,4,0.013020833022892475,-0.028417268922527772,0.05445893496831272
b300-tp4,triton,37,4,0.026041666977107525,-0.013415298921319457,0.06549863287553451
b300-tp4,triton,38,4,0.010416666977107525,-0.022733816357559125,0.043567150311774175
b300-tp4,triton,39,4,0.03645833395421505,-0.04966914752698054,0.12258581543541064
b300-tp4,triton,40,4,0.059895834885537624,-0.08672714447269206,0.2065188142437673
b300-tp4,triton,41,4,0.057291666977107525,-0.08105616918057998,0.19563950313479503
b300-tp4,triton,42,4,0.033854166278615594,-0.04195227021172421,0.1096606027689554
b300-tp4,triton,43,4,0.10677083092741668,-0.12424426214965287,0.33778592400448626
b300-tp4,triton,44,4,0.12499999790452421,-0.15334562578243788,0.4033456215914863
b300-tp4,triton,45,4,0.13541666883975267,-0.07856878217449931,0.34940211985400466
b300-tp4,triton,46,4,0.140625,-0.051961899071298834,0.33321189907129883
b300-tp4,triton,47,4,0.11197916371747851,-0.054531205865197996,0.278489533300155
b300-tp4,triton,48,4,0.17187499813735485,-0.023544205358838832,0.36729420163354853
b300-tp4,triton,49,4,0.2031250037252903,-0.038403815391364615,0.4446538228419452
b300-tp4,triton,50,4,0.26041667349636555,-0.025716368382603272,0.5465497153753344
b300-tp4,triton,51,4,0.2187500037252903,0.07236144096019542,0.3651385664903852
b300-tp4,triton,52,4,0.2552083320915699,0.05699727526941922,0.4534193889137206
b300-tp4,triton,53,4,0.4348958283662796,0.23353335908320114,0.636258297649358
b300-tp4,triton,54,4,0.4583333358168602,0.2113677854614125,0.705298886172308
b300-tp4,triton,55,4,0.4192708358168602,0.30177353464047324,0.5367681369932472
b300-tp4,triton,56,4,0.5416666641831398,0.35365148434628985,0.7296818440199897
b300-tp4,triton,57,4,0.4973958358168602,0.35139877841518413,0.6433928932185362
b300-tp4,triton,58,4,0.4843749925494194,0.40040104128176046,0.5683489438170783
b300-tp4,triton,59,4,0.453125,0.36915103781182373,0.5370989621881763
b300-tp4,triton,60,4,0.5546874850988388,0.35151398381987564,0.757860986377802
b300-tp4,triton,61,4,0.4375000074505806,0.2936355517077974,0.5813644631933638
b300-tp4,triton,62,4,0.5026041716337204,0.38988033417681667,0.6153280090906241
b300-tp4,triton,63,4,0.5260416716337204,0.4308241575802064,0.6212591856872344
b300-tp4,triton,64,4,0.65625,0.6004493920017772,0.7120506079982228
b300-tp4,triton,65,4,0.4010416641831398,0.3238881193024176,0.478195209063862
b300-tp4,triton,66,4,0.3697916567325592,0.2206144861723854,0.518968827292733
b300-tp4,triton,67,4,0.5208333358168602,0.4720371559844339,0.5696295156492864
b300-tp4,triton,68,4,0.6796875,0.566154134226958,0.793220865773042
b300-tp4,triton,69,4,0.5208333432674408,0.40284990893699457,0.638816777597887
b300-tp4,triton,70,4,0.6380208432674408,0.5122417927466868,0.7637998937881948
b300-tp4,triton,71,4,0.4895833283662796,0.43216501777276556,0.5470016389597936
b300-tp4,triton,72,4,0.5885416567325592,0.46863341231651134,0.7084499011486071
b300-tp4,triton,73,4,0.5651041716337204,0.4700069498958299,0.6602013933716109
b300-tp4,triton,74,4,0.4140625,0.30463659894138206,0.5234884010586179
b300-tp4,triton,75,4,0.4557291716337204,0.4142910655388595,0.49716727772858127
b300-tp4,triton,76,4,0.4635416641831398,0.3993460332000973,0.5277372951661823
b300-tp4,triton,77,4,0.2890624962747097,0.21325606213358586,0.36486893041583357
b300-tp4,triton,78,4,0.5104166716337204,0.44009389021034206,0.5807394530570987
b300-tp4,triton,79,4,0.5234375,0.45942043108066455,0.5874545689193355
b300-tp4,triton,80,4,0.5494791716337204,0.46348470500667693,0.6354736382607639
b300-tp4,triton,81,4,0.4270833358168602,0.3729488183791423,0.4812178532545781
b300-tp4,triton,82,4,0.6067708432674408,0.5136195449241928,0.6999221416106888
b300-tp4,triton,83,4,0.6171875,0.5311930135685166,0.7031819864314834
b300-tp4,triton,84,4,0.5000000074505806,0.45511402659840533,0.5448859883027559
b300-tp4,triton,85,4,0.6458333283662796,0.5436566949604522,0.748009961772107
b300-tp4,triton,86,4,0.7213541716337204,0.6737454022242595,0.7689629410431813
b300-tp4,triton,87,4,0.6145833432674408,0.554059125794587,0.6751075607402945
b300-tp4,triton,88,4,0.6953124850988388,0.5825886685612078,0.8080363016364698
b300-tp4,triton,89,4,0.5911458432674408,0.4979945449241928,0.6842971416106888
b300-tp4,triton,90,4,0.7317708283662796,0.688178650312609,0.7753630064199502
b300-tp4,triton,91,4,0.4609375,0.4061722680256604,0.5157027319743396
b300-tp4,triton,92,4,0.5494791716337204,0.4701312758177181,0.6288270674497227
b300-tp4,triton,93,4,0.6770833283662796,0.6635497135268302,0.690616943205729
b300-tp4,triton,94,4,0.6510416716337204,0.6013159428445329,0.7007674004229079
b300-tp4,triton,95,4,0.6796874850988388,0.5947646557787101,0.7646103144189675
b300-tp4,triton,96,4,0.5755208432674408,0.5546641263576617,0.5963775601772199
b300-tp4,triton,97,4,0.5755208432674408,0.4905979815518171,0.6604437049830645
b300-tp4,triton,98,4,0.5963541865348816,0.5217656012547947,0.6709427718149685
b300-tp4,triton,99,4,0.5182291716337204,0.4899215505476176,0.5465367927198233
b300-tp4,triton,100,4,0.5338541641831398,0.4437005135424159,0.6240078148238637
b300-tp4,liger_tp,1,4,0.0,0.0,0.0
b300-tp4,liger_tp,2,4,0.0,0.0,0.0
b300-tp4,liger_tp,3,4,0.0,0.0,0.0
b300-tp4,liger_tp,4,4,0.0,0.0,0.0
b300-tp4,liger_tp,5,4,0.0,0.0,0.0
b300-tp4,liger_tp,6,4,0.0,0.0,0.0
b300-tp4,liger_tp,7,4,0.0,0.0,0.0
b300-tp4,liger_tp,8,4,0.0,0.0,0.0
b300-tp4,liger_tp,9,4,0.0,0.0,0.0
b300-tp4,liger_tp,10,4,0.0,0.0,0.0
b300-tp4,liger_tp,11,4,0.0,0.0,0.0
b300-tp4,liger_tp,12,4,0.0,0.0,0.0
b300-tp4,liger_tp,13,4,0.0,0.0,0.0
b300-tp4,liger_tp,14,4,0.0,0.0,0.0
b300-tp4,liger_tp,15,4,0.0,0.0,0.0
b300-tp4,liger_tp,16,4,0.0,0.0,0.0
b300-tp4,liger_tp,17,4,0.0,0.0,0.0
b300-tp4,liger_tp,18,4,0.0,0.0,0.0
b300-tp4,liger_tp,19,4,0.0,0.0,0.0
b300-tp4,liger_tp,20,4,0.0,0.0,0.0
b300-tp4,liger_tp,21,4,0.0,0.0,0.0
b300-tp4,liger_tp,22,4,0.0,0.0,0.0
b300-tp4,liger_tp,23,4,0.0,0.0,0.0
b300-tp4,liger_tp,24,4,0.0,0.0,0.0
b300-tp4,liger_tp,25,4,0.0026041667442768812,-0.005683454089389781,0.010891787577943544
b300-tp4,liger_tp,26,4,0.0052083334885537624,-0.004361386749964235,0.01477805372707176
b300-tp4,liger_tp,27,4,0.0,0.0,0.0
b300-tp4,liger_tp,28,4,0.0,0.0,0.0
b300-tp4,liger_tp,29,4,0.0052083334885537624,-0.004361386749964235,0.01477805372707176
b300-tp4,liger_tp,30,4,0.0052083334885537624,-0.004361386749964235,0.01477805372707176
b300-tp4,liger_tp,31,4,0.0026041667442768812,-0.005683454089389781,0.010891787577943544
b300-tp4,liger_tp,32,4,0.0,0.0,0.0
b300-tp4,liger_tp,33,4,0.02604166674427688,-0.01781229922797909,0.06989563271653285
b300-tp4,liger_tp,34,4,0.018229166977107525,-0.0026275542510003844,0.039085888205215434
b300-tp4,liger_tp,35,4,0.015625,-0.013084159859954352,0.044334159859954356
b300-tp4,liger_tp,36,4,0.01822916674427688,-0.006633694933421974,0.04309202842197574
b300-tp4,liger_tp,37,4,0.023437500232830644,-0.020154648660461016,0.0670296491261223
b300-tp4,liger_tp,38,4,0.03645833441987634,-0.02015689401313922,0.0930735628528919
b300-tp4,liger_tp,39,4,0.0755208337213844,-0.010473631406038394,0.16151529884880722
b300-tp4,liger_tp,40,4,0.10937500186264515,-0.02218690006832652,0.24093690379361682
b300-tp4,liger_tp,41,4,0.15624999697320163,-0.054718374542092996,0.36721836848849626
b300-tp4,liger_tp,42,4,0.0755208337213844,-0.010473631406038394,0.16151529884880722
b300-tp4,liger_tp,43,4,0.18750000069849193,-0.051934315204834575,0.42693431660181846
b300-tp4,liger_tp,44,4,0.21093749883584678,-0.037276386043376214,0.4591513837150698
b300-tp4,liger_tp,45,4,0.2005208358168602,-0.00038631718199858,0.40142798881571895
b300-tp4,liger_tp,46,4,0.2005208320915699,-0.05316701188786199,0.4542086760710018
b300-tp4,liger_tp,47,4,0.16145833116024733,0.023110496541319414,0.29980616577917524
b300-tp4,liger_tp,48,4,0.2656249972060323,0.014066923570398737,0.5171830708416658
b300-tp4,liger_tp,49,4,0.3255208386108279,-0.0005174287023594348,0.6515591059240153
b300-tp4,liger_tp,50,4,0.3125000027939677,5.194294354288198e-05,0.6249480626443926
b300-tp4,liger_tp,51,4,0.2604166716337204,0.09857801469067415,0.4222553285767666
b300-tp4,liger_tp,52,4,0.2864583320915699,0.0924501058462697,0.48046655833687013
b300-tp4,liger_tp,53,4,0.4296874962747097,0.15419422547494765,0.7051807670744717
b300-tp4,liger_tp,54,4,0.3932291641831398,0.10858025876561278,0.6778780696006668
b300-tp4,liger_tp,55,4,0.3619791753590107,0.21349424223473526,0.5104641084832862
b300-tp4,liger_tp,56,4,0.4505208358168602,0.20866047617281494,0.6923811954609055
b300-tp4,liger_tp,57,4,0.447916679084301,0.24045008632361642,0.6553832718449856
b300-tp4,liger_tp,58,4,0.46875,0.27262908822897935,0.6648709117710206
b300-tp4,liger_tp,59,4,0.424479179084301,0.28358962399665044,0.5653687341719515
b300-tp4,liger_tp,60,4,0.5182291641831398,0.3354625576883102,0.7009957706779695
b300-tp4,liger_tp,61,4,0.4296874925494194,0.2464205025916239,0.6129544825072148
b300-tp4,liger_tp,62,4,0.4817708358168602,0.36119616722423314,0.6023455044094872
b300-tp4,liger_tp,63,4,0.4635416641831398,0.380665456735638,0.5464178716306416
b300-tp4,liger_tp,64,4,0.583333320915699,0.43694477604893917,0.7297218657824589
b300-tp4,liger_tp,65,4,0.3723958358168602,0.277298638186912,0.46749303344680837
b300-tp4,liger_tp,66,4,0.3515625,0.23328835073926446,0.46983664926073554
b300-tp4,liger_tp,67,4,0.4817708358168602,0.3524025337882297,0.6111391378454907
b300-tp4,liger_tp,68,4,0.640625,0.5416350541418684,0.7396149458581316
b300-tp4,liger_tp,69,4,0.5078125149011612,0.46020374549170034,0.5554212843106221
b300-tp4,liger_tp,70,4,0.5703125,0.46428706237286016,0.6763379376271398
b300-tp4,liger_tp,71,4,0.4843750149011612,0.4026112832330602,0.5661387465692621
b300-tp4,liger_tp,72,4,0.5312500074505806,0.4692311127532427,0.5932689021479185
b300-tp4,liger_tp,73,4,0.5937500149011612,0.509232536715728,0.6782674930865944
b300-tp4,liger_tp,74,4,0.3880208283662796,0.2622417955519336,0.5137998611806256
b300-tp4,liger_tp,75,4,0.4947916641831398,0.4264502036399497,0.5631331247263299
b300-tp4,liger_tp,76,4,0.4713541641831398,0.37155800821374724,0.5711503201525323
b300-tp4,liger_tp,77,4,0.3046875,0.2533755847371903,0.3559994152628097
b300-tp4,liger_tp,78,4,0.5000000074505806,0.40921365526712355,0.5907863596340376
b300-tp4,liger_tp,79,4,0.5260416716337204,0.4399141890117239,0.6121691542557169
b300-tp4,liger_tp,80,4,0.5416666567325592,0.4858660675163063,0.5974672459488122
b300-tp4,liger_tp,81,4,0.4088541641831398,0.3593591978711894,0.4583491304950902
b300-tp4,liger_tp,82,4,0.5520833432674408,0.4962827540511879,0.6078839324836938
b300-tp4,liger_tp,83,4,0.5208333358168602,0.4280514509687005,0.6136152206650198
b300-tp4,liger_tp,84,4,0.484375,0.3891574997050451,0.5795925002949549
b300-tp4,liger_tp,85,4,0.59375,0.5029636651326636,0.6845363348673364
b300-tp4,liger_tp,86,4,0.7083333283662796,0.6406651999611377,0.7760014567714215
b300-tp4,liger_tp,87,4,0.6302083283662796,0.5984691386703537,0.6619475180622055
b300-tp4,liger_tp,88,4,0.6796874850988388,0.6382493790039779,0.7211255911936997
b300-tp4,liger_tp,89,4,0.4635416716337204,0.3732610986767138,0.553822244590727
b300-tp4,liger_tp,90,4,0.7213541716337204,0.6799160655388595,0.7627922777285813
b300-tp4,liger_tp,91,4,0.4817708283662796,0.4426050536885443,0.5209366030440149
b300-tp4,liger_tp,92,4,0.5182291641831398,0.4461379920208275,0.5903203363454521
b300-tp4,liger_tp,93,4,0.6484375,0.5690895827206406,0.7277854172793594
b300-tp4,liger_tp,94,4,0.5963541865348816,0.5487454308839812,0.643962942185782
b300-tp4,liger_tp,95,4,0.6432291716337204,0.5884639611885528,0.697994382078888
b300-tp4,liger_tp,96,4,0.5572916716337204,0.49601559008534324,0.6185677531820976
b300-tp4,liger_tp,97,4,0.515625,0.4166350541418684,0.6146149458581316
b300-tp4,liger_tp,98,4,0.5416666641831398,0.4639218816503308,0.6194114467159488
b300-tp4,liger_tp,99,4,0.5078124925494194,0.44238050678798996,0.5732444783108488
b300-tp4,liger_tp,100,4,0.4713541641831398,0.40054470747608806,0.5421636208901915
